year,rate
2006,4.55
2007,4.6
2008,5.54167
2009,8.41667
2010,8.575
2011,8.275
2012,8.48333
2013,7.575
2014,6.30833
2015,5.275
